{
  "metrics": {
    "mae": 0.021285738649289294,
    "rmse": 0.03046553311365993,
    "smape": 66.41626896971302,
    "coverage": 0.910970323441147,
    "latency_p50_ms": 1.0963009990518913,
    "latency_p95_ms": 1.1859010010084603,
    "cp_pred_count": 1.0,
    "cp_chatter_per_1000": 0.33344448149383127,
    "cp_precision": 1.0,
    "cp_recall": 0.041666666666666664,
    "cp_delay_mean": 2.0,
    "cp_delay_p95": 2.0,
    "cp_earliness_mean": NaN,
    "cp_false_alarm_rate": 0.0
  },
  "n_points": 2999
}
